{
    "problem_type": "regression",
    "modelVersion": "1",
    "target_feature": "SOLD PRICE",
    "train_ratio": 0.8,
    "optimization_param": {
        "iterations": 100,
        "trainTestCVSplit": 5,
        "geneticparams": {
            "n_population": 50,
            "crossover_proba": 0.5,
            "mutation_proba": 0.2,
            "crossover_independent_proba": 0.5,
            "mutation_independent_proba": 0.05,
            "tournament_size": 3,
            "n_gen_no_change": 10
        }
    },
    "train_features": [
        "AGE",
        "AUCTION YEAR",
        "AVE",
        "AVE-BL",
        "BASE PRICE",
        "CAPTAINCY EXP",
        "ECON",
        "HS",
        "ODI-RUNS-S",
        "ODI-SR-B",
        "ODI-SR-BL",
        "ODI-WKTS",
        "PLAYING ROLE",
        "RUNS-C",
        "RUNS-S",
        "SIXERS",
        "SR-B",
        "SR-BL",
        "T-RUNS",
        "T-WKTS",
        "TEAM",
        "WKTS"
    ],
    "scoring_criteria": "r2",
    "algorithms": {
        "Ridge": {
            "alpha": [
                0.01,
                20.41795918367347,
                40.82591836734694,
                61.233877551020406,
                81.64183673469388,
                102.04979591836735,
                122.45775510204082,
                142.86571428571426,
                163.27367346938775,
                183.68163265306123,
                204.08959183673468,
                224.49755102040814,
                244.90551020408162,
                265.3134693877551,
                285.72142857142853,
                306.129387755102,
                326.5373469387755,
                346.945306122449,
                367.35326530612247,
                387.7612244897959,
                408.1691836734694,
                428.57714285714286,
                448.9851020408163,
                469.39306122448977,
                489.80102040816325,
                510.20897959183674,
                530.6169387755102,
                551.0248979591837,
                571.4328571428571,
                591.8408163265306,
                612.248775510204,
                632.6567346938775,
                653.064693877551,
                673.4726530612245,
                693.880612244898,
                714.2885714285715,
                734.6965306122449,
                755.1044897959183,
                775.5124489795918,
                795.9204081632653,
                816.3283673469388,
                836.7363265306122,
                857.1442857142857,
                877.5522448979592,
                897.9602040816326,
                918.3681632653061,
                938.7761224489795,
                959.184081632653,
                979.5920408163265,
                1000.0
            ]
        }
    },
    "targetPath": "AI0014"
}